t_value,alpha,avg_precision,std_precision,avg_recall,std_recall,avg_f1,std_f1
0.002,0.998,0.008,0.010954451150103323,0.007547169811320755,0.010334387877455964,0.007766990291262136,0.01063538946611973
0.005,0.995,0.008,0.010954451150103323,0.007547169811320755,0.010334387877455964,0.007766990291262136,0.01063538946611973
0.01,0.99,0.008,0.010954451150103323,0.007547169811320755,0.010334387877455964,0.007766990291262136,0.01063538946611973
